"","code","phecode_unrolled"
"1","008","008"
"2","008.5","008.5"
"3","008.51","008.51"
"4","008.52","008.52"
"5","008.6","008.6"
"6","008.7","008.7"
"7","010","010"
"8","031","031"
"9","031.1","031.1"
"10","038","038"
"11","038.1","038.1"
"12","038.2","038.2"
"13","038.3","038.3"
"14","041","041"
"15","041.1","041.1"
"16","041.11","041.11"
"17","041.12","041.12"
"18","041.2","041.2"
"19","041.21","041.21"
"20","041.4","041.4"
"21","041.8","041.8"
"22","041.9","041.9"
"23","053","053"
"24","053.1","053.1"
"25","054","054"
"26","070","070"
"27","070.1","070.1"
"28","070.2","070.2"
"29","070.3","070.3"
"30","070.4","070.4"
"31","070.9","070.9"
"32","071","071"
"33","071.1","071.1"
"34","078","078"
"35","079","079"
"36","079.1","079.1"
"37","079.2","079.2"
"38","079.9","079.9"
"39","080","080"
"40","081","081"
"41","081.1","081.1"
"42","081.11","081.11"
"43","081.12","081.12"
"44","090","090"
"45","090.2","090.2"
"46","090.3","090.3"
"47","1000","1000"
"48","1001","1001"
"49","1002","1002"
"50","1003","1003"
"51","1004","1004"
"52","1005","1005"
"53","1006","1006"
"54","1007","1007"
"55","1008","1008"
"56","1009","1009"
"57","1010","1010"
"58","1011","1011"
"59","1012","1012"
"60","1013","1013"
"61","1014","1014"
"62","1015","1015"
"63","1019","1019"
"64","110","110"
"65","110.1","110.1"
"66","110.11","110.11"
"67","110.12","110.12"
"68","110.13","110.13"
"69","110.2","110.2"
"70","1100","1100"
"71","112","112"
"72","112.3","112.3"
"73","117","117"
"74","117.1","117.1"
"75","117.2","117.2"
"76","117.3","117.3"
"77","117.4","117.4"
"78","130","130"
"79","130.1","130.1"
"80","131","131"
"81","132","132"
"82","132.1","132.1"
"83","133","133"
"84","134","134"
"85","134.1","134.1"
"86","136","136"
"87","145","145"
"88","145.1","145.1"
"89","145.2","145.2"
"90","145.3","145.3"
"91","145.4","145.4"
"92","145.5","145.5"
"93","149","149"
"94","149.1","149.1"
"95","149.2","149.2"
"96","149.3","149.3"
"97","149.4","149.4"
"98","149.5","149.5"
"99","149.9","149.9"
"100","150","150"
"101","151","151"
"102","153","153"
"103","153.2","153.2"
"104","153.3","153.3"
"105","155","155"
"106","155.1","155.1"
"107","157","157"
"108","158","158"
"109","159","159"
"110","159.2","159.2"
"111","159.3","159.3"
"112","159.4","159.4"
"113","164","164"
"114","165","165"
"115","165.1","165.1"
"116","170","170"
"117","170.1","170.1"
"118","170.2","170.2"
"119","172","172"
"120","172.1","172.1"
"121","172.11","172.11"
"122","172.2","172.2"
"123","172.21","172.21"
"124","172.22","172.22"
"125","172.3","172.3"
"126","173","173"
"127","174","174"
"128","174.1","174.1"
"129","174.11","174.11"
"130","174.2","174.2"
"131","174.3","174.3"
"132","175","175"
"133","180","180"
"134","180.1","180.1"
"135","180.3","180.3"
"136","182","182"
"137","184","184"
"138","184.1","184.1"
"139","184.11","184.11"
"140","184.2","184.2"
"141","185","185"
"142","187","187"
"143","187.1","187.1"
"144","187.2","187.2"
"145","187.8","187.8"
"146","189","189"
"147","189.1","189.1"
"148","189.11","189.11"
"149","189.12","189.12"
"150","189.2","189.2"
"151","189.21","189.21"
"152","189.4","189.4"
"153","190","190"
"154","191","191"
"155","191.1","191.1"
"156","191.11","191.11"
"157","193","193"
"158","194","194"
"159","195","195"
"160","195.1","195.1"
"161","195.3","195.3"
"162","196","196"
"163","197","197"
"164","198","198"
"165","198.1","198.1"
"166","198.2","198.2"
"167","198.3","198.3"
"168","198.4","198.4"
"169","198.5","198.5"
"170","198.6","198.6"
"171","198.7","198.7"
"172","199","199"
"173","199.4","199.4"
"174","200","200"
"175","200.1","200.1"
"176","201","201"
"177","202","202"
"178","202.2","202.2"
"179","202.21","202.21"
"180","202.22","202.22"
"181","202.23","202.23"
"182","202.24","202.24"
"183","204","204"
"184","204.1","204.1"
"185","204.11","204.11"
"186","204.12","204.12"
"187","204.2","204.2"
"188","204.21","204.21"
"189","204.22","204.22"
"190","204.3","204.3"
"191","204.4","204.4"
"192","208","208"
"193","209","209"
"194","210","210"
"195","211","211"
"196","212","212"
"197","213","213"
"198","214","214"
"199","214.1","214.1"
"200","215","215"
"201","216","216"
"202","216.1","216.1"
"203","217","217"
"204","217.1","217.1"
"205","218","218"
"206","218.1","218.1"
"207","218.2","218.2"
"208","220","220"
"209","221","221"
"210","222","222"
"211","223","223"
"212","224","224"
"213","224.1","224.1"
"214","225","225"
"215","225.1","225.1"
"216","225.2","225.2"
"217","226","226"
"218","227","227"
"219","227.1","227.1"
"220","227.2","227.2"
"221","227.3","227.3"
"222","228","228"
"223","228.1","228.1"
"224","229","229"
"225","229.1","229.1"
"226","230","230"
"227","240","240"
"228","241","241"
"229","241.1","241.1"
"230","241.2","241.2"
"231","242","242"
"232","242.1","242.1"
"233","242.2","242.2"
"234","242.3","242.3"
"235","242.31","242.31"
"236","244","244"
"237","244.1","244.1"
"238","244.2","244.2"
"239","244.3","244.3"
"240","244.4","244.4"
"241","244.5","244.5"
"242","245","245"
"243","245.1","245.1"
"244","245.2","245.2"
"245","245.21","245.21"
"246","246","246"
"247","246.2","246.2"
"248","246.7","246.7"
"249","249","249"
"250","250","250"
"251","250.1","250.1"
"252","250.11","250.11"
"253","250.12","250.12"
"254","250.13","250.13"
"255","250.14","250.14"
"256","250.15","250.15"
"257","250.2","250.2"
"258","250.21","250.21"
"259","250.22","250.22"
"260","250.23","250.23"
"261","250.24","250.24"
"262","250.25","250.25"
"263","250.3","250.3"
"264","250.4","250.4"
"265","250.41","250.41"
"266","250.42","250.42"
"267","250.5","250.5"
"268","250.6","250.6"
"269","250.7","250.7"
"270","251","251"
"271","251.1","251.1"
"272","251.8","251.8"
"273","252","252"
"274","252.1","252.1"
"275","252.2","252.2"
"276","253","253"
"277","253.1","253.1"
"278","253.11","253.11"
"279","253.2","253.2"
"280","253.3","253.3"
"281","253.4","253.4"
"282","253.5","253.5"
"283","253.7","253.7"
"284","254","254"
"285","255","255"
"286","255.1","255.1"
"287","255.11","255.11"
"288","255.12","255.12"
"289","255.13","255.13"
"290","255.2","255.2"
"291","255.21","255.21"
"292","255.22","255.22"
"293","255.3","255.3"
"294","256","256"
"295","256.1","256.1"
"296","256.4","256.4"
"297","257","257"
"298","257.1","257.1"
"299","258","258"
"300","258.1","258.1"
"301","259","259"
"302","259.1","259.1"
"303","259.2","259.2"
"304","259.3","259.3"
"305","259.4","259.4"
"306","259.8","259.8"
"307","260","260"
"308","260.1","260.1"
"309","260.2","260.2"
"310","260.21","260.21"
"311","260.22","260.22"
"312","260.3","260.3"
"313","260.6","260.6"
"314","260.7","260.7"
"315","261","261"
"316","261.1","261.1"
"317","261.2","261.2"
"318","261.3","261.3"
"319","261.4","261.4"
"320","261.41","261.41"
"321","262","262"
"322","263","263"
"323","264","264"
"324","264.1","264.1"
"325","264.2","264.2"
"326","264.3","264.3"
"327","264.9","264.9"
"328","269","269"
"329","270","270"
"330","270.1","270.1"
"331","270.11","270.11"
"332","270.12","270.12"
"333","270.2","270.2"
"334","270.21","270.21"
"335","270.3","270.3"
"336","270.31","270.31"
"337","270.32","270.32"
"338","270.33","270.33"
"339","270.34","270.34"
"340","270.35","270.35"
"341","270.38","270.38"
"342","271","271"
"343","271.3","271.3"
"344","271.9","271.9"
"345","272","272"
"346","272.1","272.1"
"347","272.11","272.11"
"348","272.12","272.12"
"349","272.13","272.13"
"350","272.14","272.14"
"351","272.9","272.9"
"352","274","274"
"353","274.1","274.1"
"354","274.11","274.11"
"355","274.2","274.2"
"356","274.21","274.21"
"357","275","275"
"358","275.1","275.1"
"359","275.11","275.11"
"360","275.2","275.2"
"361","275.3","275.3"
"362","275.5","275.5"
"363","275.51","275.51"
"364","275.53","275.53"
"365","275.6","275.6"
"366","276","276"
"367","276.1","276.1"
"368","276.11","276.11"
"369","276.12","276.12"
"370","276.13","276.13"
"371","276.14","276.14"
"372","276.4","276.4"
"373","276.41","276.41"
"374","276.42","276.42"
"375","276.5","276.5"
"376","276.6","276.6"
"377","276.8","276.8"
"378","277","277"
"379","277.1","277.1"
"380","277.2","277.2"
"381","277.4","277.4"
"382","277.5","277.5"
"383","277.51","277.51"
"384","277.6","277.6"
"385","277.7","277.7"
"386","277.8","277.8"
"387","278","278"
"388","278.1","278.1"
"389","278.11","278.11"
"390","278.3","278.3"
"391","278.4","278.4"
"392","279","279"
"393","279.1","279.1"
"394","279.11","279.11"
"395","279.2","279.2"
"396","279.7","279.7"
"397","279.8","279.8"
"398","280","280"
"399","280.1","280.1"
"400","280.2","280.2"
"401","281","281"
"402","281.1","281.1"
"403","281.11","281.11"
"404","281.12","281.12"
"405","281.13","281.13"
"406","281.9","281.9"
"407","282","282"
"408","282.5","282.5"
"409","282.8","282.8"
"410","282.9","282.9"
"411","283","283"
"412","283.1","283.1"
"413","283.2","283.2"
"414","283.21","283.21"
"415","284","284"
"416","284.1","284.1"
"417","284.2","284.2"
"418","285","285"
"419","285.1","285.1"
"420","285.2","285.2"
"421","285.21","285.21"
"422","285.22","285.22"
"423","285.3","285.3"
"424","285.8","285.8"
"425","286","286"
"426","286.1","286.1"
"427","286.11","286.11"
"428","286.12","286.12"
"429","286.13","286.13"
"430","286.2","286.2"
"431","286.3","286.3"
"432","286.4","286.4"
"433","286.5","286.5"
"434","286.6","286.6"
"435","286.7","286.7"
"436","286.8","286.8"
"437","286.81","286.81"
"438","286.9","286.9"
"439","287","287"
"440","287.1","287.1"
"441","287.2","287.2"
"442","287.3","287.3"
"443","287.31","287.31"
"444","287.32","287.32"
"445","287.4","287.4"
"446","288","288"
"447","288.1","288.1"
"448","288.11","288.11"
"449","288.2","288.2"
"450","288.3","288.3"
"451","289","289"
"452","289.1","289.1"
"453","289.3","289.3"
"454","289.4","289.4"
"455","289.5","289.5"
"456","289.8","289.8"
"457","289.9","289.9"
"458","290","290"
"459","290.1","290.1"
"460","290.11","290.11"
"461","290.12","290.12"
"462","290.13","290.13"
"463","290.16","290.16"
"464","290.2","290.2"
"465","290.3","290.3"
"466","291","291"
"467","291.1","291.1"
"468","291.4","291.4"
"469","291.8","291.8"
"470","292","292"
"471","292.1","292.1"
"472","292.11","292.11"
"473","292.12","292.12"
"474","292.2","292.2"
"475","292.3","292.3"
"476","292.4","292.4"
"477","292.5","292.5"
"478","292.6","292.6"
"479","293","293"
"480","293.1","293.1"
"481","295","295"
"482","295.1","295.1"
"483","295.2","295.2"
"484","295.3","295.3"
"485","296","296"
"486","296.1","296.1"
"487","296.2","296.2"
"488","296.22","296.22"
"489","297","297"
"490","297.1","297.1"
"491","297.2","297.2"
"492","300","300"
"493","300.1","300.1"
"494","300.11","300.11"
"495","300.12","300.12"
"496","300.13","300.13"
"497","300.2","300.2"
"498","300.3","300.3"
"499","300.4","300.4"
"500","300.8","300.8"
"501","300.9","300.9"
"502","301","301"
"503","301.1","301.1"
"504","301.2","301.2"
"505","302","302"
"506","302.1","302.1"
"507","303","303"
"508","303.1","303.1"
"509","303.3","303.3"
"510","303.31","303.31"
"511","303.4","303.4"
"512","304","304"
"513","305.2","305.2"
"514","305.21","305.21"
"515","306","306"
"516","306.1","306.1"
"517","306.9","306.9"
"518","312","312"
"519","312.3","312.3"
"520","313","313"
"521","313.1","313.1"
"522","313.2","313.2"
"523","313.3","313.3"
"524","315","315"
"525","315.1","315.1"
"526","315.2","315.2"
"527","315.3","315.3"
"528","316","316"
"529","316.1","316.1"
"530","317","317"
"531","317.1","317.1"
"532","317.11","317.11"
"533","318","318"
"534","320","320"
"535","323","323"
"536","323.2","323.2"
"537","323.8","323.8"
"538","324","324"
"539","324.1","324.1"
"540","325","325"
"541","327","327"
"542","327.1","327.1"
"543","327.3","327.3"
"544","327.31","327.31"
"545","327.32","327.32"
"546","327.4","327.4"
"547","327.41","327.41"
"548","327.5","327.5"
"549","327.6","327.6"
"550","327.7","327.7"
"551","327.71","327.71"
"552","327.72","327.72"
"553","331","331"
"554","331.1","331.1"
"555","331.9","331.9"
"556","332","332"
"557","333","333"
"558","333.1","333.1"
"559","333.2","333.2"
"560","333.3","333.3"
"561","333.4","333.4"
"562","333.8","333.8"
"563","334","334"
"564","334.1","334.1"
"565","334.2","334.2"
"566","334.21","334.21"
"567","335","335"
"568","337","337"
"569","337.1","337.1"
"570","338","338"
"571","338.1","338.1"
"572","338.2","338.2"
"573","339","339"
"574","340","340"
"575","340.1","340.1"
"576","341","341"
"577","342","342"
"578","343","343"
"579","344","344"
"580","345","345"
"581","345.1","345.1"
"582","345.11","345.11"
"583","345.12","345.12"
"584","345.3","345.3"
"585","346","346"
"586","346.1","346.1"
"587","346.2","346.2"
"588","346.3","346.3"
"589","347","347"
"590","348","348"
"591","348.2","348.2"
"592","348.4","348.4"
"593","348.7","348.7"
"594","348.8","348.8"
"595","348.9","348.9"
"596","349","349"
"597","350","350"
"598","350.1","350.1"
"599","350.2","350.2"
"600","350.3","350.3"
"601","350.5","350.5"
"602","350.6","350.6"
"603","351","351"
"604","352","352"
"605","352.1","352.1"
"606","352.2","352.2"
"607","353","353"
"608","353.1","353.1"
"609","353.2","353.2"
"610","355","355"
"611","355.1","355.1"
"612","356","356"
"613","357","357"
"614","358","358"
"615","358.1","358.1"
"616","359","359"
"617","359.1","359.1"
"618","359.2","359.2"
"619","360","360"
"620","360.2","360.2"
"621","360.3","360.3"
"622","361","361"
"623","361.1","361.1"
"624","361.2","361.2"
"625","362","362"
"626","362.1","362.1"
"627","362.2","362.2"
"628","362.21","362.21"
"629","362.22","362.22"
"630","362.23","362.23"
"631","362.26","362.26"
"632","362.27","362.27"
"633","362.29","362.29"
"634","362.3","362.3"
"635","362.31","362.31"
"636","362.4","362.4"
"637","362.5","362.5"
"638","362.6","362.6"
"639","362.7","362.7"
"640","362.8","362.8"
"641","362.9","362.9"
"642","363","363"
"643","363.3","363.3"
"644","363.4","363.4"
"645","364","364"
"646","364.1","364.1"
"647","364.2","364.2"
"648","364.4","364.4"
"649","364.41","364.41"
"650","364.5","364.5"
"651","364.51","364.51"
"652","364.9","364.9"
"653","365","365"
"654","365.1","365.1"
"655","365.11","365.11"
"656","365.2","365.2"
"657","365.5","365.5"
"658","366","366"
"659","366.1","366.1"
"660","366.2","366.2"
"661","366.3","366.3"
"662","367","367"
"663","367.1","367.1"
"664","367.2","367.2"
"665","367.4","367.4"
"666","367.8","367.8"
"667","367.9","367.9"
"668","368","368"
"669","368.1","368.1"
"670","368.2","368.2"
"671","368.3","368.3"
"672","368.4","368.4"
"673","368.5","368.5"
"674","368.7","368.7"
"675","368.9","368.9"
"676","368.91","368.91"
"677","369","369"
"678","369.2","369.2"
"679","369.5","369.5"
"680","370","370"
"681","370.1","370.1"
"682","370.2","370.2"
"683","370.3","370.3"
"684","370.31","370.31"
"685","371","371"
"686","371.1","371.1"
"687","371.2","371.2"
"688","371.21","371.21"
"689","371.3","371.3"
"690","371.33","371.33"
"691","371.9","371.9"
"692","372","372"
"693","374","374"
"694","374.1","374.1"
"695","374.2","374.2"
"696","374.3","374.3"
"697","374.6","374.6"
"698","375","375"
"699","375.1","375.1"
"700","375.2","375.2"
"701","376","376"
"702","377","377"
"703","377.1","377.1"
"704","377.3","377.3"
"705","378","378"
"706","378.1","378.1"
"707","378.2","378.2"
"708","378.5","378.5"
"709","379","379"
"710","379.1","379.1"
"711","379.2","379.2"
"712","379.3","379.3"
"713","379.4","379.4"
"714","379.5","379.5"
"715","379.51","379.51"
"716","379.9","379.9"
"717","380","380"
"718","380.1","380.1"
"719","380.4","380.4"
"720","381","381"
"721","381.1","381.1"
"722","381.11","381.11"
"723","381.2","381.2"
"724","381.3","381.3"
"725","381.9","381.9"
"726","382","382"
"727","383","383"
"728","384","384"
"729","384.1","384.1"
"730","384.4","384.4"
"731","385","385"
"732","385.3","385.3"
"733","385.5","385.5"
"734","386","386"
"735","386.1","386.1"
"736","386.2","386.2"
"737","386.21","386.21"
"738","386.3","386.3"
"739","386.9","386.9"
"740","388","388"
"741","389","389"
"742","389.1","389.1"
"743","389.2","389.2"
"744","389.3","389.3"
"745","389.4","389.4"
"746","389.5","389.5"
"747","394","394"
"748","394.1","394.1"
"749","394.2","394.2"
"750","394.3","394.3"
"751","394.4","394.4"
"752","394.7","394.7"
"753","395","395"
"754","395.1","395.1"
"755","395.2","395.2"
"756","395.3","395.3"
"757","395.4","395.4"
"758","395.6","395.6"
"759","396","396"
"760","401","401"
"761","401.1","401.1"
"762","401.2","401.2"
"763","401.21","401.21"
"764","401.22","401.22"
"765","401.3","401.3"
"766","402","402"
"767","411","411"
"768","411.1","411.1"
"769","411.2","411.2"
"770","411.3","411.3"
"771","411.4","411.4"
"772","411.41","411.41"
"773","411.8","411.8"
"774","411.9","411.9"
"775","414","414"
"776","414.2","414.2"
"777","415","415"
"778","415.1","415.1"
"779","415.11","415.11"
"780","415.2","415.2"
"781","415.21","415.21"
"782","416","416"
"783","418","418"
"784","418.1","418.1"
"785","420","420"
"786","420.1","420.1"
"787","420.2","420.2"
"788","420.21","420.21"
"789","420.22","420.22"
"790","420.3","420.3"
"791","425","425"
"792","425.1","425.1"
"793","425.11","425.11"
"794","425.12","425.12"
"795","425.2","425.2"
"796","425.8","425.8"
"797","426","426"
"798","426.2","426.2"
"799","426.21","426.21"
"800","426.22","426.22"
"801","426.23","426.23"
"802","426.24","426.24"
"803","426.25","426.25"
"804","426.3","426.3"
"805","426.31","426.31"
"806","426.32","426.32"
"807","426.4","426.4"
"808","426.7","426.7"
"809","426.8","426.8"
"810","426.9","426.9"
"811","426.91","426.91"
"812","426.92","426.92"
"813","427","427"
"814","427.1","427.1"
"815","427.11","427.11"
"816","427.12","427.12"
"817","427.2","427.2"
"818","427.21","427.21"
"819","427.22","427.22"
"820","427.3","427.3"
"821","427.4","427.4"
"822","427.41","427.41"
"823","427.42","427.42"
"824","427.5","427.5"
"825","427.6","427.6"
"826","427.61","427.61"
"827","427.7","427.7"
"828","427.8","427.8"
"829","427.9","427.9"
"830","428","428"
"831","428.1","428.1"
"832","428.2","428.2"
"833","428.3","428.3"
"834","428.4","428.4"
"835","429","429"
"836","429.1","429.1"
"837","429.2","429.2"
"838","429.3","429.3"
"839","429.9","429.9"
"840","430","430"
"841","430.1","430.1"
"842","430.2","430.2"
"843","430.3","430.3"
"844","433","433"
"845","433.1","433.1"
"846","433.11","433.11"
"847","433.12","433.12"
"848","433.2","433.2"
"849","433.21","433.21"
"850","433.3","433.3"
"851","433.31","433.31"
"852","433.32","433.32"
"853","433.5","433.5"
"854","433.6","433.6"
"855","433.8","433.8"
"856","440","440"
"857","440.1","440.1"
"858","440.2","440.2"
"859","440.21","440.21"
"860","440.22","440.22"
"861","440.9","440.9"
"862","441","441"
"863","441.1","441.1"
"864","441.2","441.2"
"865","442","442"
"866","442.1","442.1"
"867","442.11","442.11"
"868","442.2","442.2"
"869","442.3","442.3"
"870","442.4","442.4"
"871","442.8","442.8"
"872","443","443"
"873","443.1","443.1"
"874","443.7","443.7"
"875","443.8","443.8"
"876","443.9","443.9"
"877","444","444"
"878","444.1","444.1"
"879","444.2","444.2"
"880","444.5","444.5"
"881","446","446"
"882","446.1","446.1"
"883","446.2","446.2"
"884","446.3","446.3"
"885","446.4","446.4"
"886","446.5","446.5"
"887","446.6","446.6"
"888","446.7","446.7"
"889","446.8","446.8"
"890","446.9","446.9"
"891","447","447"
"892","447.1","447.1"
"893","447.7","447.7"
"894","448","448"
"895","450","450"
"896","451","451"
"897","451.2","451.2"
"898","452","452"
"899","452.1","452.1"
"900","452.2","452.2"
"901","452.8","452.8"
"902","453","453"
"903","454","454"
"904","454.1","454.1"
"905","454.11","454.11"
"906","455","455"
"907","456","456"
"908","457","457"
"909","457.2","457.2"
"910","457.3","457.3"
"911","458","458"
"912","458.1","458.1"
"913","458.2","458.2"
"914","458.9","458.9"
"915","459","459"
"916","459.1","459.1"
"917","459.7","459.7"
"918","459.9","459.9"
"919","464","464"
"920","465","465"
"921","465.2","465.2"
"922","465.4","465.4"
"923","470","470"
"924","471","471"
"925","472","472"
"926","473","473"
"927","473.1","473.1"
"928","473.3","473.3"
"929","473.4","473.4"
"930","474","474"
"931","474.1","474.1"
"932","474.2","474.2"
"933","475","475"
"934","475.9","475.9"
"935","476","476"
"936","477","477"
"937","478","478"
"938","479","479"
"939","480","480"
"940","480.1","480.1"
"941","480.11","480.11"
"942","480.12","480.12"
"943","480.13","480.13"
"944","480.2","480.2"
"945","480.3","480.3"
"946","480.5","480.5"
"947","481","481"
"948","483","483"
"949","495","495"
"950","495.1","495.1"
"951","495.11","495.11"
"952","495.2","495.2"
"953","496","496"
"954","496.1","496.1"
"955","496.2","496.2"
"956","496.21","496.21"
"957","496.3","496.3"
"958","497","497"
"959","498","498"
"960","499","499"
"961","500","500"
"962","500.1","500.1"
"963","500.2","500.2"
"964","501","501"
"965","502","502"
"966","503","503"
"967","504","504"
"968","504.1","504.1"
"969","505","505"
"970","506","506"
"971","507","507"
"972","508","508"
"973","509","509"
"974","509.1","509.1"
"975","509.2","509.2"
"976","509.3","509.3"
"977","509.5","509.5"
"978","509.8","509.8"
"979","510","510"
"980","510.2","510.2"
"981","512","512"
"982","512.1","512.1"
"983","512.2","512.2"
"984","512.3","512.3"
"985","512.7","512.7"
"986","512.8","512.8"
"987","512.9","512.9"
"988","513","513"
"989","513.3","513.3"
"990","513.31","513.31"
"991","513.32","513.32"
"992","513.4","513.4"
"993","513.8","513.8"
"994","514","514"
"995","514.1","514.1"
"996","514.2","514.2"
"997","516","516"
"998","516.1","516.1"
"999","519","519"
"1000","519.1","519.1"
"1001","519.2","519.2"
"1002","519.8","519.8"
"1003","519.9","519.9"
"1004","520","520"
"1005","520.1","520.1"
"1006","520.2","520.2"
"1007","521","521"
"1008","521.1","521.1"
"1009","521.2","521.2"
"1010","521.4","521.4"
"1011","522","522"
"1012","522.1","522.1"
"1013","522.5","522.5"
"1014","523","523"
"1015","523.1","523.1"
"1016","523.3","523.3"
"1017","523.31","523.31"
"1018","523.32","523.32"
"1019","524","524"
"1020","524.3","524.3"
"1021","525","525"
"1022","525.1","525.1"
"1023","525.2","525.2"
"1024","526","526"
"1025","526.1","526.1"
"1026","526.3","526.3"
"1027","526.4","526.4"
"1028","526.41","526.41"
"1029","526.42","526.42"
"1030","526.5","526.5"
"1031","526.8","526.8"
"1032","526.9","526.9"
"1033","527","527"
"1034","527.1","527.1"
"1035","527.2","527.2"
"1036","527.7","527.7"
"1037","527.8","527.8"
"1038","528","528"
"1039","528.1","528.1"
"1040","528.11","528.11"
"1041","528.12","528.12"
"1042","528.3","528.3"
"1043","528.4","528.4"
"1044","528.41","528.41"
"1045","528.5","528.5"
"1046","528.6","528.6"
"1047","528.7","528.7"
"1048","529","529"
"1049","529.1","529.1"
"1050","529.6","529.6"
"1051","530","530"
"1052","530.1","530.1"
"1053","530.11","530.11"
"1054","530.12","530.12"
"1055","530.13","530.13"
"1056","530.14","530.14"
"1057","530.15","530.15"
"1058","530.2","530.2"
"1059","530.3","530.3"
"1060","530.5","530.5"
"1061","530.6","530.6"
"1062","530.7","530.7"
"1063","530.9","530.9"
"1064","531","531"
"1065","531.1","531.1"
"1066","531.2","531.2"
"1067","531.3","531.3"
"1068","531.4","531.4"
"1069","531.5","531.5"
"1070","532","532"
"1071","535","535"
"1072","535.1","535.1"
"1073","535.2","535.2"
"1074","535.6","535.6"
"1075","535.8","535.8"
"1076","535.9","535.9"
"1077","536","536"
"1078","536.3","536.3"
"1079","536.7","536.7"
"1080","536.8","536.8"
"1081","537","537"
"1082","537.1","537.1"
"1083","539","539"
"1084","540","540"
"1085","540.1","540.1"
"1086","540.11","540.11"
"1087","550","550"
"1088","550.1","550.1"
"1089","550.2","550.2"
"1090","550.3","550.3"
"1091","550.4","550.4"
"1092","550.5","550.5"
"1093","550.6","550.6"
"1094","555","555"
"1095","555.1","555.1"
"1096","555.2","555.2"
"1097","555.21","555.21"
"1098","556","556"
"1099","556.1","556.1"
"1100","556.11","556.11"
"1101","557","557"
"1102","557.1","557.1"
"1103","558","558"
"1104","559","559"
"1105","560","560"
"1106","560.1","560.1"
"1107","560.2","560.2"
"1108","560.3","560.3"
"1109","560.4","560.4"
"1110","561","561"
"1111","561.1","561.1"
"1112","561.2","561.2"
"1113","562","562"
"1114","562.1","562.1"
"1115","562.2","562.2"
"1116","563","563"
"1117","564","564"
"1118","564.1","564.1"
"1119","564.8","564.8"
"1120","564.9","564.9"
"1121","565","565"
"1122","565.1","565.1"
"1123","567","567"
"1124","568","568"
"1125","568.1","568.1"
"1126","569","569"
"1127","569.1","569.1"
"1128","569.2","569.2"
"1129","571","571"
"1130","571.5","571.5"
"1131","571.51","571.51"
"1132","571.6","571.6"
"1133","571.8","571.8"
"1134","571.81","571.81"
"1135","572","572"
"1136","573","573"
"1137","573.1","573.1"
"1138","573.2","573.2"
"1139","573.3","573.3"
"1140","573.4","573.4"
"1141","573.5","573.5"
"1142","573.6","573.6"
"1143","573.7","573.7"
"1144","573.9","573.9"
"1145","574","574"
"1146","574.1","574.1"
"1147","574.11","574.11"
"1148","574.12","574.12"
"1149","574.2","574.2"
"1150","574.3","574.3"
"1151","575","575"
"1152","575.1","575.1"
"1153","575.2","575.2"
"1154","575.6","575.6"
"1155","575.7","575.7"
"1156","575.8","575.8"
"1157","575.9","575.9"
"1158","577","577"
"1159","577.1","577.1"
"1160","577.2","577.2"
"1161","577.3","577.3"
"1162","578","578"
"1163","578.1","578.1"
"1164","578.2","578.2"
"1165","578.8","578.8"
"1166","578.9","578.9"
"1167","579","579"
"1168","579.2","579.2"
"1169","579.8","579.8"
"1170","580","580"
"1171","580.1","580.1"
"1172","580.11","580.11"
"1173","580.12","580.12"
"1174","580.13","580.13"
"1175","580.14","580.14"
"1176","580.2","580.2"
"1177","580.3","580.3"
"1178","580.31","580.31"
"1179","580.32","580.32"
"1180","580.4","580.4"
"1181","585","585"
"1182","585.1","585.1"
"1183","585.2","585.2"
"1184","585.3","585.3"
"1185","585.31","585.31"
"1186","585.32","585.32"
"1187","585.33","585.33"
"1188","585.34","585.34"
"1189","585.4","585.4"
"1190","586","586"
"1191","586.1","586.1"
"1192","586.11","586.11"
"1193","586.12","586.12"
"1194","586.2","586.2"
"1195","586.3","586.3"
"1196","586.4","586.4"
"1197","587","587"
"1198","588","588"
"1199","588.1","588.1"
"1200","588.2","588.2"
"1201","589","589"
"1202","590","590"
"1203","591","591"
"1204","592","592"
"1205","592.1","592.1"
"1206","592.11","592.11"
"1207","592.12","592.12"
"1208","592.13","592.13"
"1209","592.2","592.2"
"1210","592.21","592.21"
"1211","592.3","592.3"
"1212","593","593"
"1213","593.1","593.1"
"1214","593.2","593.2"
"1215","594","594"
"1216","594.1","594.1"
"1217","594.2","594.2"
"1218","594.3","594.3"
"1219","594.8","594.8"
"1220","595","595"
"1221","596","596"
"1222","596.1","596.1"
"1223","596.5","596.5"
"1224","597","597"
"1225","597.1","597.1"
"1226","597.2","597.2"
"1227","597.8","597.8"
"1228","598","598"
"1229","598.4","598.4"
"1230","598.9","598.9"
"1231","599","599"
"1232","599.1","599.1"
"1233","599.2","599.2"
"1234","599.3","599.3"
"1235","599.4","599.4"
"1236","599.5","599.5"
"1237","599.6","599.6"
"1238","599.7","599.7"
"1239","599.8","599.8"
"1240","599.9","599.9"
"1241","600","600"
"1242","601","601"
"1243","601.1","601.1"
"1244","601.11","601.11"
"1245","601.12","601.12"
"1246","601.3","601.3"
"1247","601.4","601.4"
"1248","601.8","601.8"
"1249","602","602"
"1250","602.3","602.3"
"1251","603","603"
"1252","603.1","603.1"
"1253","603.2","603.2"
"1254","604","604"
"1255","604.1","604.1"
"1256","604.2","604.2"
"1257","604.3","604.3"
"1258","605","605"
"1259","608","608"
"1260","609","609"
"1261","609.1","609.1"
"1262","609.11","609.11"
"1263","609.2","609.2"
"1264","610","610"
"1265","610.1","610.1"
"1266","610.2","610.2"
"1267","610.3","610.3"
"1268","610.4","610.4"
"1269","610.8","610.8"
"1270","611","611"
"1271","611.1","611.1"
"1272","611.11","611.11"
"1273","611.3","611.3"
"1274","612","612"
"1275","612.1","612.1"
"1276","612.2","612.2"
"1277","612.3","612.3"
"1278","613","613"
"1279","613.1","613.1"
"1280","613.5","613.5"
"1281","613.7","613.7"
"1282","613.8","613.8"
"1283","613.9","613.9"
"1284","614","614"
"1285","614.1","614.1"
"1286","614.3","614.3"
"1287","614.31","614.31"
"1288","614.32","614.32"
"1289","614.33","614.33"
"1290","614.4","614.4"
"1291","614.5","614.5"
"1292","614.51","614.51"
"1293","614.52","614.52"
"1294","614.53","614.53"
"1295","614.54","614.54"
"1296","615","615"
"1297","617","617"
"1298","618","618"
"1299","618.1","618.1"
"1300","618.2","618.2"
"1301","618.5","618.5"
"1302","618.6","618.6"
"1303","619","619"
"1304","619.1","619.1"
"1305","619.2","619.2"
"1306","619.3","619.3"
"1307","619.4","619.4"
"1308","619.5","619.5"
"1309","620","620"
"1310","620.1","620.1"
"1311","621","621"
"1312","622","622"
"1313","622.1","622.1"
"1314","622.2","622.2"
"1315","623","623"
"1316","624","624"
"1317","624.1","624.1"
"1318","624.2","624.2"
"1319","624.9","624.9"
"1320","625","625"
"1321","625.1","625.1"
"1322","626","626"
"1323","626.1","626.1"
"1324","626.11","626.11"
"1325","626.12","626.12"
"1326","626.13","626.13"
"1327","626.14","626.14"
"1328","626.15","626.15"
"1329","626.2","626.2"
"1330","626.21","626.21"
"1331","626.4","626.4"
"1332","626.8","626.8"
"1333","627","627"
"1334","627.1","627.1"
"1335","627.2","627.2"
"1336","627.21","627.21"
"1337","627.22","627.22"
"1338","627.3","627.3"
"1339","627.4","627.4"
"1340","627.5","627.5"
"1341","628","628"
"1342","634","634"
"1343","634.1","634.1"
"1344","634.3","634.3"
"1345","635","635"
"1346","635.2","635.2"
"1347","635.3","635.3"
"1348","636","636"
"1349","636.1","636.1"
"1350","636.2","636.2"
"1351","636.3","636.3"
"1352","636.8","636.8"
"1353","637","637"
"1354","638","638"
"1355","639","639"
"1356","642","642"
"1357","642.1","642.1"
"1358","643","643"
"1359","643.1","643.1"
"1360","644","644"
"1361","645","645"
"1362","646","646"
"1363","647","647"
"1364","647.1","647.1"
"1365","647.3","647.3"
"1366","649","649"
"1367","649.1","649.1"
"1368","650","650"
"1369","651","651"
"1370","652","652"
"1371","653","653"
"1372","654","654"
"1373","654.1","654.1"
"1374","654.2","654.2"
"1375","655","655"
"1376","655.1","655.1"
"1377","656","656"
"1378","656.1","656.1"
"1379","656.2","656.2"
"1380","656.22","656.22"
"1381","656.26","656.26"
"1382","656.3","656.3"
"1383","656.4","656.4"
"1384","656.5","656.5"
"1385","656.6","656.6"
"1386","656.7","656.7"
"1387","656.8","656.8"
"1388","656.9","656.9"
"1389","657","657"
"1390","658","658"
"1391","661","661"
"1392","663","663"
"1393","665","665"
"1394","668","668"
"1395","669","669"
"1396","671","671"
"1397","674","674"
"1398","676","676"
"1399","679","679"
"1400","681","681"
"1401","681.1","681.1"
"1402","681.2","681.2"
"1403","681.3","681.3"
"1404","681.5","681.5"
"1405","681.6","681.6"
"1406","681.7","681.7"
"1407","686","686"
"1408","686.1","686.1"
"1409","686.2","686.2"
"1410","686.3","686.3"
"1411","686.4","686.4"
"1412","686.5","686.5"
"1413","687","687"
"1414","687.1","687.1"
"1415","687.2","687.2"
"1416","687.3","687.3"
"1417","687.4","687.4"
"1418","689","689"
"1419","690","690"
"1420","690.1","690.1"
"1421","691","691"
"1422","691.1","691.1"
"1423","691.3","691.3"
"1424","694","694"
"1425","694.1","694.1"
"1426","694.2","694.2"
"1427","694.3","694.3"
"1428","695","695"
"1429","695.1","695.1"
"1430","695.2","695.2"
"1431","695.21","695.21"
"1432","695.22","695.22"
"1433","695.3","695.3"
"1434","695.4","695.4"
"1435","695.41","695.41"
"1436","695.42","695.42"
"1437","695.7","695.7"
"1438","695.8","695.8"
"1439","695.81","695.81"
"1440","695.9","695.9"
"1441","696","696"
"1442","696.2","696.2"
"1443","696.3","696.3"
"1444","696.4","696.4"
"1445","696.41","696.41"
"1446","696.42","696.42"
"1447","697","697"
"1448","698","698"
"1449","700","700"
"1450","701","701"
"1451","701.1","701.1"
"1452","701.2","701.2"
"1453","701.3","701.3"
"1454","701.4","701.4"
"1455","701.5","701.5"
"1456","701.6","701.6"
"1457","702","702"
"1458","702.1","702.1"
"1459","702.2","702.2"
"1460","702.4","702.4"
"1461","703","703"
"1462","703.1","703.1"
"1463","704","704"
"1464","704.1","704.1"
"1465","704.11","704.11"
"1466","704.12","704.12"
"1467","704.2","704.2"
"1468","704.8","704.8"
"1469","705","705"
"1470","705.1","705.1"
"1471","705.3","705.3"
"1472","705.8","705.8"
"1473","706","706"
"1474","706.1","706.1"
"1475","706.2","706.2"
"1476","706.3","706.3"
"1477","706.8","706.8"
"1478","707","707"
"1479","707.1","707.1"
"1480","707.2","707.2"
"1481","707.3","707.3"
"1482","709","709"
"1483","709.2","709.2"
"1484","709.3","709.3"
"1485","709.4","709.4"
"1486","709.5","709.5"
"1487","709.6","709.6"
"1488","709.7","709.7"
"1489","710","710"
"1490","710.1","710.1"
"1491","710.11","710.11"
"1492","710.12","710.12"
"1493","710.19","710.19"
"1494","710.2","710.2"
"1495","710.3","710.3"
"1496","711","711"
"1497","711.1","711.1"
"1498","711.2","711.2"
"1499","711.3","711.3"
"1500","712","712"
"1501","713","713"
"1502","713.5","713.5"
"1503","714","714"
"1504","714.1","714.1"
"1505","714.2","714.2"
"1506","715","715"
"1507","715.1","715.1"
"1508","715.2","715.2"
"1509","715.3","715.3"
"1510","716","716"
"1511","716.1","716.1"
"1512","716.2","716.2"
"1513","716.3","716.3"
"1514","716.8","716.8"
"1515","716.9","716.9"
"1516","717","717"
"1517","720","720"
"1518","720.1","720.1"
"1519","721","721"
"1520","721.1","721.1"
"1521","721.2","721.2"
"1522","721.8","721.8"
"1523","722","722"
"1524","722.1","722.1"
"1525","722.3","722.3"
"1526","722.6","722.6"
"1527","722.7","722.7"
"1528","722.8","722.8"
"1529","722.9","722.9"
"1530","723","723"
"1531","723.1","723.1"
"1532","724","724"
"1533","724.1","724.1"
"1534","724.2","724.2"
"1535","724.8","724.8"
"1536","724.9","724.9"
"1537","726","726"
"1538","726.1","726.1"
"1539","726.2","726.2"
"1540","726.3","726.3"
"1541","726.4","726.4"
"1542","727","727"
"1543","727.1","727.1"
"1544","727.2","727.2"
"1545","727.4","727.4"
"1546","727.5","727.5"
"1547","727.6","727.6"
"1548","727.7","727.7"
"1549","727.8","727.8"
"1550","728","728"
"1551","728.1","728.1"
"1552","728.2","728.2"
"1553","728.7","728.7"
"1554","728.71","728.71"
"1555","729","729"
"1556","729.1","729.1"
"1557","729.3","729.3"
"1558","729.7","729.7"
"1559","731","731"
"1560","731.1","731.1"
"1561","732","732"
"1562","732.1","732.1"
"1563","732.7","732.7"
"1564","733","733"
"1565","733.2","733.2"
"1566","733.4","733.4"
"1567","733.6","733.6"
"1568","733.8","733.8"
"1569","733.9","733.9"
"1570","735","735"
"1571","735.1","735.1"
"1572","735.2","735.2"
"1573","735.21","735.21"
"1574","735.22","735.22"
"1575","735.23","735.23"
"1576","735.3","735.3"
"1577","736","736"
"1578","736.1","736.1"
"1579","736.2","736.2"
"1580","736.3","736.3"
"1581","736.4","736.4"
"1582","736.5","736.5"
"1583","736.6","736.6"
"1584","737","737"
"1585","737.1","737.1"
"1586","737.2","737.2"
"1587","737.3","737.3"
"1588","738","738"
"1589","738.4","738.4"
"1590","739","739"
"1591","740","740"
"1592","740.1","740.1"
"1593","740.11","740.11"
"1594","740.12","740.12"
"1595","740.2","740.2"
"1596","740.3","740.3"
"1597","740.9","740.9"
"1598","741","741"
"1599","741.1","741.1"
"1600","741.2","741.2"
"1601","741.3","741.3"
"1602","741.4","741.4"
"1603","741.5","741.5"
"1604","741.6","741.6"
"1605","742","742"
"1606","742.1","742.1"
"1607","742.2","742.2"
"1608","742.8","742.8"
"1609","742.9","742.9"
"1610","743","743"
"1611","743.1","743.1"
"1612","743.11","743.11"
"1613","743.12","743.12"
"1614","743.13","743.13"
"1615","743.2","743.2"
"1616","743.21","743.21"
"1617","743.22","743.22"
"1618","743.4","743.4"
"1619","743.9","743.9"
"1620","745","745"
"1621","747","747"
"1622","747.1","747.1"
"1623","747.11","747.11"
"1624","747.12","747.12"
"1625","747.13","747.13"
"1626","747.2","747.2"
"1627","748","748"
"1628","749","749"
"1629","749.1","749.1"
"1630","749.2","749.2"
"1631","750","750"
"1632","750.1","750.1"
"1633","750.11","750.11"
"1634","750.13","750.13"
"1635","750.14","750.14"
"1636","750.15","750.15"
"1637","750.2","750.2"
"1638","750.21","750.21"
"1639","750.22","750.22"
"1640","750.5","750.5"
"1641","751","751"
"1642","751.1","751.1"
"1643","751.11","751.11"
"1644","751.12","751.12"
"1645","751.2","751.2"
"1646","751.21","751.21"
"1647","751.22","751.22"
"1648","751.3","751.3"
"1649","752","752"
"1650","752.1","752.1"
"1651","752.11","752.11"
"1652","752.2","752.2"
"1653","753","753"
"1654","753.1","753.1"
"1655","753.2","753.2"
"1656","754","754"
"1657","754.1","754.1"
"1658","754.2","754.2"
"1659","755","755"
"1660","755.1","755.1"
"1661","755.3","755.3"
"1662","755.4","755.4"
"1663","755.6","755.6"
"1664","755.61","755.61"
"1665","756","756"
"1666","756.1","756.1"
"1667","756.2","756.2"
"1668","756.21","756.21"
"1669","756.22","756.22"
"1670","756.3","756.3"
"1671","756.5","756.5"
"1672","757","757"
"1673","758","758"
"1674","758.1","758.1"
"1675","759","759"
"1676","759.1","759.1"
"1677","760","760"
"1678","761","761"
"1679","763","763"
"1680","764","764"
"1681","765","765"
"1682","766","766"
"1683","767","767"
"1684","769","769"
"1685","770","770"
"1686","771","771"
"1687","771.1","771.1"
"1688","771.2","771.2"
"1689","772","772"
"1690","772.1","772.1"
"1691","772.2","772.2"
"1692","772.3","772.3"
"1693","772.4","772.4"
"1694","772.6","772.6"
"1695","773","773"
"1696","780","780"
"1697","781","781"
"1698","781.1","781.1"
"1699","781.2","781.2"
"1700","782","782"
"1701","782.3","782.3"
"1702","782.6","782.6"
"1703","783","783"
"1704","783.1","783.1"
"1705","785","785"
"1706","788","788"
"1707","789","789"
"1708","789.1","789.1"
"1709","790","790"
"1710","790.1","790.1"
"1711","790.6","790.6"
"1712","790.8","790.8"
"1713","790.9","790.9"
"1714","791","791"
"1715","792","792"
"1716","792.1","792.1"
"1717","793","793"
"1718","793.2","793.2"
"1719","794","794"
"1720","795","795"
"1721","795.8","795.8"
"1722","795.81","795.81"
"1723","795.82","795.82"
"1724","796","796"
"1725","797","797"
"1726","797.1","797.1"
"1727","798","798"
"1728","798.1","798.1"
"1729","799","799"
"1730","800","800"
"1731","800.1","800.1"
"1732","800.2","800.2"
"1733","800.3","800.3"
"1734","800.4","800.4"
"1735","801","801"
"1736","801.1","801.1"
"1737","802","802"
"1738","803","803"
"1739","803.1","803.1"
"1740","803.2","803.2"
"1741","803.21","803.21"
"1742","803.3","803.3"
"1743","804","804"
"1744","805","805"
"1745","807","807"
"1746","809","809"
"1747","816","816"
"1748","817","817"
"1749","818","818"
"1750","818.1","818.1"
"1751","818.2","818.2"
"1752","819","819"
"1753","823","823"
"1754","830","830"
"1755","835","835"
"1756","836","836"
"1757","840","840"
"1758","840.1","840.1"
"1759","840.2","840.2"
"1760","840.3","840.3"
"1761","841","841"
"1762","842","842"
"1763","850","850"
"1764","851","851"
"1765","853","853"
"1766","854","854"
"1767","855","855"
"1768","856","856"
"1769","857","857"
"1770","858","858"
"1771","859","859"
"1772","860","860"
"1773","870","870"
"1774","870.1","870.1"
"1775","870.2","870.2"
"1776","870.3","870.3"
"1777","870.4","870.4"
"1778","870.5","870.5"
"1779","870.6","870.6"
"1780","870.8","870.8"
"1781","871","871"
"1782","871.1","871.1"
"1783","871.2","871.2"
"1784","871.3","871.3"
"1785","871.4","871.4"
"1786","872","872"
"1787","873","873"
"1788","874","874"
"1789","875","875"
"1790","876","876"
"1791","905","905"
"1792","906","906"
"1793","907","907"
"1794","908","908"
"1795","909","909"
"1796","910","910"
"1797","911","911"
"1798","912","912"
"1799","913","913"
"1800","915","915"
"1801","916","916"
"1802","930","930"
"1803","931","931"
"1804","938","938"
"1805","938.1","938.1"
"1806","938.2","938.2"
"1807","939","939"
"1808","939.1","939.1"
"1809","941","941"
"1810","942","942"
"1811","946","946"
"1812","947","947"
"1813","949","949"
"1814","949.1","949.1"
"1815","952","952"
"1816","957","957"
"1817","958","958"
"1818","958.1","958.1"
"1819","958.2","958.2"
"1820","960","960"
"1821","960.1","960.1"
"1822","960.2","960.2"
"1823","960.3","960.3"
"1824","961","961"
"1825","961.1","961.1"
"1826","962","962"
"1827","962.1","962.1"
"1828","962.2","962.2"
"1829","962.3","962.3"
"1830","963","963"
"1831","963.1","963.1"
"1832","964","964"
"1833","964.1","964.1"
"1834","965","965"
"1835","965.1","965.1"
"1836","965.2","965.2"
"1837","965.3","965.3"
"1838","966","966"
"1839","967","967"
"1840","969","969"
"1841","971","971"
"1842","972","972"
"1843","972.1","972.1"
"1844","972.2","972.2"
"1845","972.6","972.6"
"1846","973","973"
"1847","974","974"
"1848","975","975"
"1849","976","976"
"1850","977","977"
"1851","979","979"
"1852","980","980"
"1853","981","981"
"1854","983","983"
"1855","984","984"
"1856","985","985"
"1857","986","986"
"1858","987","987"
"1859","988","988"
"1860","989","989"
"1861","990","990"
"1862","994","994"
"1863","994.1","994.1"
"1864","994.2","994.2"
"1865","994.21","994.21"
"1866","996","996"
"1867","008.5","008"
"1868","008.51","008.5"
"1869","008.52","008.5"
"1870","008.6","008"
"1871","008.7","008"
"1872","031.1","031"
"1873","038.1","038"
"1874","038.2","038"
"1875","038.3","038"
"1876","041.1","041"
"1877","041.11","041.1"
"1878","041.12","041.1"
"1879","041.2","041"
"1880","041.21","041.2"
"1881","041.4","041"
"1882","041.8","041"
"1883","041.9","041"
"1884","053.1","053"
"1885","070.1","070"
"1886","070.2","070"
"1887","070.3","070"
"1888","071.1","071"
"1889","079.1","079"
"1890","079.2","079"
"1891","079.9","079"
"1892","081.1","081"
"1893","081.11","081.1"
"1894","081.12","081.1"
"1895","090.2","090"
"1896","090.3","090"
"1897","1000","1000"
"1898","1001","1001"
"1899","1002","1002"
"1900","1003","1003"
"1901","1004","1004"
"1902","1005","1005"
"1903","1006","1006"
"1904","1007","1007"
"1905","1008","1008"
"1906","1009","1009"
"1907","1010","1010"
"1908","1011","1011"
"1909","1012","1012"
"1910","1013","1013"
"1911","1014","1014"
"1912","1015","1015"
"1913","1019","1019"
"1914","110.1","110"
"1915","110.11","110.1"
"1916","110.12","110.1"
"1917","110.13","110.1"
"1918","110.2","110"
"1919","1100","1100"
"1920","112.3","112"
"1921","117.1","117"
"1922","117.2","117"
"1923","117.3","117"
"1924","117.4","117"
"1925","130.1","130"
"1926","132.1","132"
"1927","134.1","134"
"1928","145.1","145"
"1929","145.2","145"
"1930","145.3","145"
"1931","145.4","145"
"1932","145.5","145"
"1933","149.1","149"
"1934","149.2","149"
"1935","149.3","149"
"1936","149.4","149"
"1937","149.5","149"
"1938","149.9","149"
"1939","153.2","153"
"1940","153.3","153"
"1941","155.1","155"
"1942","159.2","159"
"1943","159.3","159"
"1944","159.4","159"
"1945","165.1","165"
"1946","170.1","170"
"1947","170.2","170"
"1948","172.1","172"
"1949","172.11","172.1"
"1950","172.2","172"
"1951","172.21","172.2"
"1952","172.22","172.2"
"1953","172.3","172"
"1954","174.1","174"
"1955","174.11","174.1"
"1956","174.2","174"
"1957","174.3","174"
"1958","180.1","180"
"1959","180.3","180"
"1960","184.1","184"
"1961","184.11","184.1"
"1962","184.2","184"
"1963","187.1","187"
"1964","187.2","187"
"1965","187.8","187"
"1966","189.1","189"
"1967","189.11","189.1"
"1968","189.12","189.1"
"1969","189.2","189"
"1970","189.21","189.2"
"1971","189.4","189"
"1972","191.1","191"
"1973","191.11","191.1"
"1974","195.1","195"
"1975","195.3","195"
"1976","198.1","198"
"1977","198.2","198"
"1978","198.3","198"
"1979","198.4","198"
"1980","198.5","198"
"1981","198.6","198"
"1982","198.7","198"
"1983","199.4","199"
"1984","200.1","200"
"1985","202.2","202"
"1986","202.21","202.2"
"1987","202.22","202.2"
"1988","202.23","202.2"
"1989","202.24","202.2"
"1990","204.1","204"
"1991","204.11","204.1"
"1992","204.12","204.1"
"1993","204.2","204"
"1994","204.21","204.2"
"1995","204.22","204.2"
"1996","204.3","204"
"1997","204.4","204"
"1998","214.1","214"
"1999","217.1","217"
"2000","218.1","218"
"2001","218.2","218"
"2002","224.1","224"
"2003","225.1","225"
"2004","225.2","225"
"2005","227.1","227"
"2006","227.2","227"
"2007","227.3","227"
"2008","228.1","228"
"2009","229.1","229"
"2010","241.1","241"
"2011","241.2","241"
"2012","242.1","242"
"2013","242.2","242"
"2014","242.31","242.3"
"2015","244.1","244"
"2016","244.2","244"
"2017","244.3","244"
"2018","244.4","244"
"2019","244.5","244"
"2020","245.1","245"
"2021","245.2","245"
"2022","245.21","245.2"
"2023","246.2","246"
"2024","250.1","250"
"2025","250.11","250.1"
"2026","250.12","250.1"
"2027","250.13","250.1"
"2028","250.14","250.1"
"2029","250.15","250.1"
"2030","250.2","250"
"2031","250.21","250.2"
"2032","250.22","250.2"
"2033","250.23","250.2"
"2034","250.24","250.2"
"2035","250.25","250.2"
"2036","250.3","250"
"2037","250.41","250.4"
"2038","250.42","250.4"
"2039","250.5","250"
"2040","250.6","250"
"2041","250.7","250"
"2042","251.8","251"
"2043","252.1","252"
"2044","252.2","252"
"2045","253.1","253"
"2046","253.11","253.1"
"2047","253.2","253"
"2048","253.3","253"
"2049","253.4","253"
"2050","253.5","253"
"2051","253.7","253"
"2052","255.1","255"
"2053","255.11","255.1"
"2054","255.12","255.1"
"2055","255.13","255.1"
"2056","255.2","255"
"2057","255.21","255.2"
"2058","255.22","255.2"
"2059","255.3","255"
"2060","256.1","256"
"2061","256.4","256"
"2062","257.1","257"
"2063","259.1","259"
"2064","260.2","260"
"2065","260.21","260.2"
"2066","260.22","260.2"
"2067","260.3","260"
"2068","261.1","261"
"2069","261.2","261"
"2070","261.3","261"
"2071","261.4","261"
"2072","261.41","261.4"
"2073","264.1","264"
"2074","264.2","264"
"2075","264.3","264"
"2076","264.9","264"
"2077","270.1","270"
"2078","270.11","270.1"
"2079","270.12","270.1"
"2080","270.2","270"
"2081","270.21","270.2"
"2082","270.3","270"
"2083","270.31","270.3"
"2084","270.32","270.3"
"2085","270.34","270.3"
"2086","270.35","270.3"
"2087","270.38","270.3"
"2088","271.3","271"
"2089","271.9","271"
"2090","272.1","272"
"2091","272.11","272.1"
"2092","272.12","272.1"
"2093","272.13","272.1"
"2094","272.14","272.1"
"2095","272.9","272"
"2096","274.1","274"
"2097","274.11","274.1"
"2098","274.2","274"
"2099","274.21","274.2"
"2100","275.1","275"
"2101","275.11","275.1"
"2102","275.2","275"
"2103","275.3","275"
"2104","275.5","275"
"2105","275.51","275.5"
"2106","275.53","275.5"
"2107","275.6","275"
"2108","276.1","276"
"2109","276.11","276.1"
"2110","276.12","276.1"
"2111","276.13","276.1"
"2112","276.14","276.1"
"2113","276.41","276.4"
"2114","276.42","276.4"
"2115","276.5","276"
"2116","276.6","276"
"2117","277.1","277"
"2118","277.2","277"
"2119","277.51","277.5"
"2120","277.8","277"
"2121","278.1","278"
"2122","278.11","278.1"
"2123","278.3","278"
"2124","278.4","278"
"2125","279.1","279"
"2126","279.11","279.1"
"2127","279.2","279"
"2128","279.8","279"
"2129","280.1","280"
"2130","280.2","280"
"2131","281.1","281"
"2132","281.11","281.1"
"2133","281.12","281.1"
"2134","281.13","281.1"
"2135","281.9","281"
"2136","282.5","282"
"2137","282.8","282"
"2138","282.9","282"
"2139","283.1","283"
"2140","283.2","283"
"2141","283.21","283.2"
"2142","284.1","284"
"2143","284.2","284"
"2144","285.1","285"
"2145","285.2","285"
"2146","285.21","285.2"
"2147","285.22","285.2"
"2148","285.3","285"
"2149","286.1","286"
"2150","286.11","286.1"
"2151","286.12","286.1"
"2152","286.13","286.1"
"2153","286.4","286"
"2154","286.5","286"
"2155","286.6","286"
"2156","286.7","286"
"2157","286.8","286"
"2158","286.81","286.8"
"2159","286.9","286"
"2160","287.2","287"
"2161","287.3","287"
"2162","287.31","287.3"
"2163","287.32","287.3"
"2164","287.4","287"
"2165","288.11","288.1"
"2166","288.2","288"
"2167","288.3","288"
"2168","289.1","289"
"2169","289.3","289"
"2170","289.9","289"
"2171","290.1","290"
"2172","290.11","290.1"
"2173","290.12","290.1"
"2174","290.13","290.1"
"2175","290.16","290.1"
"2176","290.2","290"
"2177","291.1","291"
"2178","291.4","291"
"2179","291.8","291"
"2180","292.1","292"
"2181","292.11","292.1"
"2182","292.12","292.1"
"2183","292.2","292"
"2184","292.3","292"
"2185","292.4","292"
"2186","292.5","292"
"2187","292.6","292"
"2188","295.1","295"
"2189","295.2","295"
"2190","295.3","295"
"2191","296.1","296"
"2192","296.2","296"
"2193","296.22","296.2"
"2194","297.1","297"
"2195","297.2","297"
"2196","300.1","300"
"2197","300.11","300.1"
"2198","300.12","300.1"
"2199","300.13","300.1"
"2200","300.2","300"
"2201","300.3","300"
"2202","300.4","300"
"2203","300.8","300"
"2204","300.9","300"
"2205","301.1","301"
"2206","301.2","301"
"2207","302.1","302"
"2208","303.3","303"
"2209","303.31","303.3"
"2210","303.4","303"
"2211","305.21","305.2"
"2212","306.9","306"
"2213","312.3","312"
"2214","313.1","313"
"2215","313.2","313"
"2216","313.3","313"
"2217","315.2","315"
"2218","315.3","315"
"2219","316.1","316"
"2220","317.1","317"
"2221","317.11","317.1"
"2222","323.2","323"
"2223","323.8","323"
"2224","324.1","324"
"2225","327.1","327"
"2226","327.31","327.3"
"2227","327.32","327.3"
"2228","327.4","327"
"2229","327.41","327.4"
"2230","327.5","327"
"2231","327.6","327"
"2232","327.7","327"
"2233","327.71","327.7"
"2234","327.72","327.7"
"2235","331.1","331"
"2236","331.9","331"
"2237","333.1","333"
"2238","333.2","333"
"2239","333.3","333"
"2240","333.4","333"
"2241","333.8","333"
"2242","334.1","334"
"2243","334.2","334"
"2244","334.21","334.2"
"2245","337.1","337"
"2246","338.1","338"
"2247","338.2","338"
"2248","340.1","340"
"2249","345.1","345"
"2250","345.11","345.1"
"2251","345.12","345.1"
"2252","345.3","345"
"2253","346.2","346"
"2254","348.2","348"
"2255","348.4","348"
"2256","348.8","348"
"2257","350.1","350"
"2258","350.2","350"
"2259","350.3","350"
"2260","350.5","350"
"2261","352.1","352"
"2262","352.2","352"
"2263","353.1","353"
"2264","353.2","353"
"2265","358.1","358"
"2266","359.1","359"
"2267","359.2","359"
"2268","360.2","360"
"2269","360.3","360"
"2270","361.1","361"
"2271","361.2","361"
"2272","362.1","362"
"2273","362.2","362"
"2274","362.21","362.2"
"2275","362.22","362.2"
"2276","362.23","362.2"
"2277","362.26","362.2"
"2278","362.27","362.2"
"2279","362.29","362.2"
"2280","362.3","362"
"2281","362.31","362.3"
"2282","362.4","362"
"2283","362.5","362"
"2284","362.6","362"
"2285","362.7","362"
"2286","362.8","362"
"2287","362.9","362"
"2288","363.3","363"
"2289","363.4","363"
"2290","364.2","364"
"2291","364.4","364"
"2292","364.41","364.4"
"2293","364.5","364"
"2294","364.51","364.5"
"2295","364.9","364"
"2296","365.1","365"
"2297","365.11","365.1"
"2298","365.2","365"
"2299","365.5","365"
"2300","366.1","366"
"2301","366.2","366"
"2302","366.3","366"
"2303","367.1","367"
"2304","367.2","367"
"2305","367.4","367"
"2306","367.8","367"
"2307","367.9","367"
"2308","368.1","368"
"2309","368.2","368"
"2310","368.3","368"
"2311","368.7","368"
"2312","368.9","368"
"2313","368.91","368.9"
"2314","369.2","369"
"2315","369.5","369"
"2316","370.1","370"
"2317","370.2","370"
"2318","370.3","370"
"2319","370.31","370.3"
"2320","371.1","371"
"2321","371.2","371"
"2322","371.21","371.2"
"2323","371.3","371"
"2324","371.33","371.3"
"2325","371.9","371"
"2326","374.1","374"
"2327","374.2","374"
"2328","374.3","374"
"2329","374.6","374"
"2330","375.2","375"
"2331","377.1","377"
"2332","377.3","377"
"2333","378.1","378"
"2334","378.2","378"
"2335","378.5","378"
"2336","379.1","379"
"2337","379.2","379"
"2338","379.3","379"
"2339","379.4","379"
"2340","379.5","379"
"2341","379.51","379.5"
"2342","381.1","381"
"2343","381.11","381.1"
"2344","381.2","381"
"2345","381.3","381"
"2346","381.9","381"
"2347","384.1","384"
"2348","384.4","384"
"2349","385.3","385"
"2350","385.5","385"
"2351","386.1","386"
"2352","386.2","386"
"2353","386.21","386.2"
"2354","386.3","386"
"2355","389.1","389"
"2356","389.2","389"
"2357","389.3","389"
"2358","389.4","389"
"2359","389.5","389"
"2360","394.1","394"
"2361","394.2","394"
"2362","394.3","394"
"2363","394.4","394"
"2364","394.7","394"
"2365","395.1","395"
"2366","395.2","395"
"2367","395.3","395"
"2368","395.4","395"
"2369","395.6","395"
"2370","401.1","401"
"2371","401.2","401"
"2372","401.21","401.2"
"2373","401.22","401.2"
"2374","401.3","401"
"2375","411.1","411"
"2376","411.2","411"
"2377","411.3","411"
"2378","411.4","411"
"2379","411.41","411.4"
"2380","411.8","411"
"2381","411.9","411"
"2382","414.2","414"
"2383","415.1","415"
"2384","415.11","415.1"
"2385","415.2","415"
"2386","415.21","415.2"
"2387","420.1","420"
"2388","420.2","420"
"2389","420.21","420.2"
"2390","420.22","420.2"
"2391","420.3","420"
"2392","425.1","425"
"2393","425.11","425.1"
"2394","425.12","425.1"
"2395","425.2","425"
"2396","425.8","425"
"2397","426.2","426"
"2398","426.21","426.2"
"2399","426.22","426.2"
"2400","426.23","426.2"
"2401","426.24","426.2"
"2402","426.25","426.2"
"2403","426.3","426"
"2404","426.31","426.3"
"2405","426.32","426.3"
"2406","426.4","426"
"2407","426.7","426"
"2408","426.8","426"
"2409","426.9","426"
"2410","426.91","426.9"
"2411","426.92","426.9"
"2412","427.1","427"
"2413","427.11","427.1"
"2414","427.12","427.1"
"2415","427.2","427"
"2416","427.21","427.2"
"2417","427.22","427.2"
"2418","427.3","427"
"2419","427.4","427"
"2420","427.41","427.4"
"2421","427.42","427.4"
"2422","427.5","427"
"2423","427.6","427"
"2424","427.61","427.6"
"2425","427.7","427"
"2426","427.8","427"
"2427","427.9","427"
"2428","428.1","428"
"2429","428.2","428"
"2430","428.3","428"
"2431","428.4","428"
"2432","429.2","429"
"2433","429.3","429"
"2434","429.9","429"
"2435","430.1","430"
"2436","430.2","430"
"2437","430.3","430"
"2438","433.1","433"
"2439","433.11","433.1"
"2440","433.12","433.1"
"2441","433.2","433"
"2442","433.21","433.2"
"2443","433.3","433"
"2444","433.31","433.3"
"2445","433.32","433.3"
"2446","433.5","433"
"2447","433.6","433"
"2448","433.8","433"
"2449","440.1","440"
"2450","440.2","440"
"2451","440.21","440.2"
"2452","440.22","440.2"
"2453","440.9","440"
"2454","441.1","441"
"2455","441.2","441"
"2456","442.1","442"
"2457","442.11","442.1"
"2458","442.2","442"
"2459","442.3","442"
"2460","442.4","442"
"2461","442.8","442"
"2462","443.1","443"
"2463","443.7","443"
"2464","443.8","443"
"2465","443.9","443"
"2466","444.1","444"
"2467","444.2","444"
"2468","444.5","444"
"2469","446.1","446"
"2470","446.2","446"
"2471","446.3","446"
"2472","446.4","446"
"2473","446.5","446"
"2474","446.6","446"
"2475","446.7","446"
"2476","446.8","446"
"2477","446.9","446"
"2478","447.1","447"
"2479","447.7","447"
"2480","451.2","451"
"2481","452.2","452"
"2482","452.8","452"
"2483","454.1","454"
"2484","454.11","454.1"
"2485","457.2","457"
"2486","457.3","457"
"2487","458.1","458"
"2488","458.2","458"
"2489","458.9","458"
"2490","459.1","459"
"2491","459.7","459"
"2492","459.9","459"
"2493","465.2","465"
"2494","465.4","465"
"2495","473.1","473"
"2496","473.3","473"
"2497","473.4","473"
"2498","474.1","474"
"2499","474.2","474"
"2500","475.9","475"
"2501","480.1","480"
"2502","480.11","480.1"
"2503","480.12","480.1"
"2504","480.13","480.1"
"2505","480.2","480"
"2506","480.3","480"
"2507","480.5","480"
"2508","495.1","495"
"2509","495.11","495.1"
"2510","495.2","495"
"2511","496.1","496"
"2512","496.2","496"
"2513","496.21","496.2"
"2514","496.3","496"
"2515","500.1","500"
"2516","500.2","500"
"2517","504.1","504"
"2518","509.1","509"
"2519","509.2","509"
"2520","509.3","509"
"2521","509.5","509"
"2522","509.8","509"
"2523","512.1","512"
"2524","512.2","512"
"2525","512.3","512"
"2526","512.7","512"
"2527","512.8","512"
"2528","512.9","512"
"2529","513.3","513"
"2530","513.31","513.3"
"2531","513.32","513.3"
"2532","513.4","513"
"2533","513.8","513"
"2534","516.1","516"
"2535","519.2","519"
"2536","519.8","519"
"2537","519.9","519"
"2538","520.1","520"
"2539","520.2","520"
"2540","521.1","521"
"2541","521.2","521"
"2542","521.4","521"
"2543","522.1","522"
"2544","522.5","522"
"2545","523.1","523"
"2546","523.3","523"
"2547","523.31","523.3"
"2548","523.32","523.3"
"2549","524.3","524"
"2550","525.1","525"
"2551","525.2","525"
"2552","526.1","526"
"2553","526.3","526"
"2554","526.4","526"
"2555","526.41","526.4"
"2556","526.42","526.4"
"2557","526.5","526"
"2558","526.8","526"
"2559","526.9","526"
"2560","527.1","527"
"2561","527.2","527"
"2562","527.7","527"
"2563","527.8","527"
"2564","528.1","528"
"2565","528.11","528.1"
"2566","528.12","528.1"
"2567","528.3","528"
"2568","528.4","528"
"2569","528.41","528.4"
"2570","528.5","528"
"2571","528.6","528"
"2572","528.7","528"
"2573","529.1","529"
"2574","529.6","529"
"2575","530.1","530"
"2576","530.11","530.1"
"2577","530.12","530.1"
"2578","530.13","530.1"
"2579","530.14","530.1"
"2580","530.15","530.1"
"2581","530.2","530"
"2582","530.3","530"
"2583","530.5","530"
"2584","530.6","530"
"2585","530.7","530"
"2586","531.1","531"
"2587","531.2","531"
"2588","531.3","531"
"2589","531.4","531"
"2590","531.5","531"
"2591","535.1","535"
"2592","535.2","535"
"2593","535.6","535"
"2594","535.8","535"
"2595","535.9","535"
"2596","536.3","536"
"2597","536.7","536"
"2598","536.8","536"
"2599","537.1","537"
"2600","540.1","540"
"2601","540.11","540.1"
"2602","550.1","550"
"2603","550.2","550"
"2604","550.3","550"
"2605","550.4","550"
"2606","550.5","550"
"2607","550.6","550"
"2608","555.1","555"
"2609","555.2","555"
"2610","555.21","555.2"
"2611","556.1","556"
"2612","556.11","556.1"
"2613","560.1","560"
"2614","560.2","560"
"2615","560.3","560"
"2616","560.4","560"
"2617","561.1","561"
"2618","561.2","561"
"2619","562.1","562"
"2620","562.2","562"
"2621","564.1","564"
"2622","564.8","564"
"2623","564.9","564"
"2624","565.1","565"
"2625","568.1","568"
"2626","569.1","569"
"2627","569.2","569"
"2628","571.5","571"
"2629","571.51","571.5"
"2630","571.6","571"
"2631","571.8","571"
"2632","571.81","571.8"
"2633","573.1","573"
"2634","574.1","574"
"2635","574.11","574.1"
"2636","574.12","574.1"
"2637","574.2","574"
"2638","574.3","574"
"2639","575.1","575"
"2640","575.2","575"
"2641","575.6","575"
"2642","575.7","575"
"2643","575.8","575"
"2644","575.9","575"
"2645","577.1","577"
"2646","577.2","577"
"2647","577.3","577"
"2648","578.1","578"
"2649","578.2","578"
"2650","578.8","578"
"2651","578.9","578"
"2652","579.2","579"
"2653","580.1","580"
"2654","580.11","580.1"
"2655","580.12","580.1"
"2656","580.13","580.1"
"2657","580.14","580.1"
"2658","580.2","580"
"2659","580.3","580"
"2660","580.31","580.3"
"2661","580.32","580.3"
"2662","580.4","580"
"2663","585.1","585"
"2664","585.2","585"
"2665","585.3","585"
"2666","585.31","585.3"
"2667","585.32","585.3"
"2668","585.33","585.3"
"2669","585.34","585.3"
"2670","585.4","585"
"2671","586.1","586"
"2672","586.11","586.1"
"2673","586.12","586.1"
"2674","586.2","586"
"2675","586.3","586"
"2676","586.4","586"
"2677","588.1","588"
"2678","588.2","588"
"2679","592.1","592"
"2680","592.11","592.1"
"2681","592.12","592.1"
"2682","592.13","592.1"
"2683","592.2","592"
"2684","592.21","592.2"
"2685","592.3","592"
"2686","593.1","593"
"2687","594.1","594"
"2688","594.2","594"
"2689","594.3","594"
"2690","594.8","594"
"2691","596.1","596"
"2692","596.5","596"
"2693","597.1","597"
"2694","597.8","597"
"2695","598.4","598"
"2696","598.9","598"
"2697","599.3","599"
"2698","599.4","599"
"2699","599.5","599"
"2700","599.6","599"
"2701","599.7","599"
"2702","599.8","599"
"2703","599.9","599"
"2704","601.1","601"
"2705","601.11","601.1"
"2706","601.12","601.1"
"2707","601.3","601"
"2708","601.4","601"
"2709","601.8","601"
"2710","602.3","602"
"2711","603.1","603"
"2712","603.2","603"
"2713","604.1","604"
"2714","604.2","604"
"2715","604.3","604"
"2716","609.1","609"
"2717","609.11","609.1"
"2718","609.2","609"
"2719","610.1","610"
"2720","610.2","610"
"2721","610.3","610"
"2722","610.4","610"
"2723","611.1","611"
"2724","611.11","611.1"
"2725","611.3","611"
"2726","612.1","612"
"2727","612.2","612"
"2728","612.3","612"
"2729","613.1","613"
"2730","613.5","613"
"2731","613.7","613"
"2732","613.8","613"
"2733","613.9","613"
"2734","614.1","614"
"2735","614.3","614"
"2736","614.31","614.3"
"2737","614.32","614.3"
"2738","614.33","614.3"
"2739","614.4","614"
"2740","614.5","614"
"2741","614.51","614.5"
"2742","614.52","614.5"
"2743","614.53","614.5"
"2744","614.54","614.5"
"2745","618.1","618"
"2746","618.2","618"
"2747","618.5","618"
"2748","618.6","618"
"2749","619.1","619"
"2750","619.2","619"
"2751","619.3","619"
"2752","619.4","619"
"2753","619.5","619"
"2754","620.1","620"
"2755","622.1","622"
"2756","622.2","622"
"2757","624.1","624"
"2758","624.2","624"
"2759","625.1","625"
"2760","626.1","626"
"2761","626.11","626.1"
"2762","626.12","626.1"
"2763","626.13","626.1"
"2764","626.14","626.1"
"2765","626.15","626.1"
"2766","626.2","626"
"2767","626.21","626.2"
"2768","626.4","626"
"2769","626.8","626"
"2770","627.1","627"
"2771","627.2","627"
"2772","627.21","627.2"
"2773","627.22","627.2"
"2774","627.3","627"
"2775","627.4","627"
"2776","627.5","627"
"2777","634.1","634"
"2778","634.3","634"
"2779","635.2","635"
"2780","635.3","635"
"2781","636.1","636"
"2782","636.2","636"
"2783","636.3","636"
"2784","636.8","636"
"2785","642.1","642"
"2786","643.1","643"
"2787","655.1","655"
"2788","656.1","656"
"2789","656.2","656"
"2790","656.22","656.2"
"2791","656.26","656.2"
"2792","656.3","656"
"2793","656.4","656"
"2794","656.5","656"
"2795","656.6","656"
"2796","656.7","656"
"2797","656.8","656"
"2798","656.9","656"
"2799","681.1","681"
"2800","681.2","681"
"2801","681.3","681"
"2802","681.5","681"
"2803","681.6","681"
"2804","681.7","681"
"2805","687.2","687"
"2806","687.3","687"
"2807","690.1","690"
"2808","691.1","691"
"2809","691.3","691"
"2810","694.1","694"
"2811","694.2","694"
"2812","694.3","694"
"2813","695.1","695"
"2814","695.2","695"
"2815","695.21","695.2"
"2816","695.22","695.2"
"2817","695.3","695"
"2818","695.4","695"
"2819","695.41","695.4"
"2820","695.42","695.4"
"2821","695.7","695"
"2822","695.8","695"
"2823","695.81","695.8"
"2824","695.9","695"
"2825","696.2","696"
"2826","696.3","696"
"2827","696.4","696"
"2828","696.41","696.4"
"2829","696.42","696.4"
"2830","701.1","701"
"2831","701.2","701"
"2832","701.3","701"
"2833","701.4","701"
"2834","701.5","701"
"2835","701.6","701"
"2836","702.1","702"
"2837","702.2","702"
"2838","702.4","702"
"2839","704.1","704"
"2840","704.11","704.1"
"2841","704.12","704.1"
"2842","704.8","704"
"2843","705.1","705"
"2844","705.3","705"
"2845","706.1","706"
"2846","706.2","706"
"2847","706.3","706"
"2848","706.8","706"
"2849","707.1","707"
"2850","707.2","707"
"2851","707.3","707"
"2852","709.2","709"
"2853","709.3","709"
"2854","709.4","709"
"2855","709.5","709"
"2856","709.6","709"
"2857","709.7","709"
"2858","710.1","710"
"2859","710.11","710.1"
"2860","710.12","710.1"
"2861","710.19","710.1"
"2862","710.2","710"
"2863","710.3","710"
"2864","711.1","711"
"2865","711.2","711"
"2866","711.3","711"
"2867","713.5","713"
"2868","714.1","714"
"2869","714.2","714"
"2870","715.1","715"
"2871","715.2","715"
"2872","715.3","715"
"2873","716.1","716"
"2874","716.2","716"
"2875","716.3","716"
"2876","716.8","716"
"2877","716.9","716"
"2878","720.1","720"
"2879","721.1","721"
"2880","721.2","721"
"2881","721.8","721"
"2882","722.1","722"
"2883","722.3","722"
"2884","722.6","722"
"2885","722.7","722"
"2886","722.8","722"
"2887","722.9","722"
"2888","723.1","723"
"2889","724.1","724"
"2890","724.2","724"
"2891","724.8","724"
"2892","724.9","724"
"2893","726.1","726"
"2894","726.2","726"
"2895","726.3","726"
"2896","726.4","726"
"2897","727.1","727"
"2898","727.2","727"
"2899","727.4","727"
"2900","727.5","727"
"2901","727.6","727"
"2902","727.7","727"
"2903","727.8","727"
"2904","728.71","728.7"
"2905","729.1","729"
"2906","731.1","731"
"2907","732.1","732"
"2908","732.7","732"
"2909","733.2","733"
"2910","735.1","735"
"2911","735.2","735"
"2912","735.21","735.2"
"2913","735.22","735.2"
"2914","735.23","735.2"
"2915","735.3","735"
"2916","736.1","736"
"2917","736.2","736"
"2918","736.3","736"
"2919","736.4","736"
"2920","736.5","736"
"2921","736.6","736"
"2922","737.1","737"
"2923","737.2","737"
"2924","737.3","737"
"2925","738.4","738"
"2926","740.1","740"
"2927","740.11","740.1"
"2928","740.12","740.1"
"2929","740.2","740"
"2930","740.3","740"
"2931","740.9","740"
"2932","741.1","741"
"2933","741.2","741"
"2934","741.3","741"
"2935","741.4","741"
"2936","741.5","741"
"2937","741.6","741"
"2938","742.1","742"
"2939","742.2","742"
"2940","742.8","742"
"2941","742.9","742"
"2942","743.1","743"
"2943","743.11","743.1"
"2944","743.12","743.1"
"2945","743.13","743.1"
"2946","743.2","743"
"2947","743.21","743.2"
"2948","743.22","743.2"
"2949","743.4","743"
"2950","743.9","743"
"2951","747.1","747"
"2952","747.11","747.1"
"2953","747.12","747.1"
"2954","747.13","747.1"
"2955","747.2","747"
"2956","749.1","749"
"2957","749.2","749"
"2958","750.1","750"
"2959","750.11","750.1"
"2960","750.13","750.1"
"2961","750.14","750.1"
"2962","750.15","750.1"
"2963","750.2","750"
"2964","750.21","750.2"
"2965","750.22","750.2"
"2966","750.5","750"
"2967","751.1","751"
"2968","751.11","751.1"
"2969","751.12","751.1"
"2970","751.2","751"
"2971","751.21","751.2"
"2972","751.22","751.2"
"2973","751.3","751"
"2974","752.1","752"
"2975","752.11","752.1"
"2976","752.2","752"
"2977","753.1","753"
"2978","753.2","753"
"2979","754.1","754"
"2980","754.2","754"
"2981","755.1","755"
"2982","755.3","755"
"2983","755.4","755"
"2984","755.6","755"
"2985","755.61","755.6"
"2986","756.1","756"
"2987","756.2","756"
"2988","756.21","756.2"
"2989","756.22","756.2"
"2990","756.3","756"
"2991","756.5","756"
"2992","758.1","758"
"2993","759.1","759"
"2994","783.1","783"
"2995","789.1","789"
"2996","792.1","792"
"2997","795.81","795.8"
"2998","795.82","795.8"
"2999","797.1","797"
"3000","798.1","798"
"3001","800.1","800"
"3002","800.2","800"
"3003","800.3","800"
"3004","800.4","800"
"3005","801.1","801"
"3006","803.1","803"
"3007","803.2","803"
"3008","803.21","803.2"
"3009","803.3","803"
"3010","818.1","818"
"3011","818.2","818"
"3012","840.1","840"
"3013","840.2","840"
"3014","840.3","840"
"3015","870.1","870"
"3016","870.2","870"
"3017","870.3","870"
"3018","870.4","870"
"3019","870.5","870"
"3020","870.6","870"
"3021","870.8","870"
"3022","871.1","871"
"3023","871.2","871"
"3024","871.3","871"
"3025","871.4","871"
"3026","938.1","938"
"3027","938.2","938"
"3028","939.1","939"
"3029","958.1","958"
"3030","958.2","958"
"3031","960.1","960"
"3032","960.2","960"
"3033","960.3","960"
"3034","962.1","962"
"3035","962.2","962"
"3036","962.3","962"
"3037","963.1","963"
"3038","964.1","964"
"3039","965.2","965"
"3040","965.3","965"
"3041","972.1","972"
"3042","972.2","972"
"3043","972.6","972"
"3044","994.1","994"
"3045","994.2","994"
"3046","994.21","994.2"
"3047","008.51","008"
"3048","008.52","008"
"3049","041.11","041"
"3050","041.12","041"
"3051","041.21","041"
"3052","081.11","081"
"3053","081.12","081"
"3054","1000","1000"
"3055","1001","1001"
"3056","1002","1002"
"3057","1003","1003"
"3058","1004","1004"
"3059","1005","1005"
"3060","1006","1006"
"3061","1007","1007"
"3062","1008","1008"
"3063","1009","1009"
"3064","1010","1010"
"3065","1011","1011"
"3066","1012","1012"
"3067","1013","1013"
"3068","1014","1014"
"3069","1015","1015"
"3070","1019","1019"
"3071","110.11","110"
"3072","110.12","110"
"3073","110.13","110"
"3074","1100","1100"
"3075","172.11","172"
"3076","172.21","172"
"3077","172.22","172"
"3078","174.11","174"
"3079","184.11","184"
"3080","189.11","189"
"3081","189.12","189"
"3082","189.21","189"
"3083","191.11","191"
"3084","202.21","202"
"3085","202.22","202"
"3086","202.23","202"
"3087","202.24","202"
"3088","204.11","204"
"3089","204.12","204"
"3090","204.21","204"
"3091","204.22","204"
"3092","245.21","245"
"3093","250.11","250"
"3094","250.12","250"
"3095","250.13","250"
"3096","250.14","250"
"3097","250.15","250"
"3098","250.21","250"
"3099","250.22","250"
"3100","250.23","250"
"3101","250.24","250"
"3102","250.25","250"
"3103","253.11","253"
"3104","255.11","255"
"3105","255.12","255"
"3106","255.13","255"
"3107","255.21","255"
"3108","255.22","255"
"3109","260.21","260"
"3110","260.22","260"
"3111","261.41","261"
"3112","270.11","270"
"3113","270.12","270"
"3114","270.21","270"
"3115","270.31","270"
"3116","270.32","270"
"3117","270.34","270"
"3118","270.35","270"
"3119","270.38","270"
"3120","272.11","272"
"3121","272.12","272"
"3122","272.13","272"
"3123","272.14","272"
"3124","274.11","274"
"3125","274.21","274"
"3126","275.11","275"
"3127","275.51","275"
"3128","275.53","275"
"3129","276.11","276"
"3130","276.12","276"
"3131","276.13","276"
"3132","276.14","276"
"3133","278.11","278"
"3134","279.11","279"
"3135","281.11","281"
"3136","281.12","281"
"3137","281.13","281"
"3138","283.21","283"
"3139","285.21","285"
"3140","285.22","285"
"3141","286.11","286"
"3142","286.12","286"
"3143","286.13","286"
"3144","286.81","286"
"3145","287.31","287"
"3146","287.32","287"
"3147","290.11","290"
"3148","290.12","290"
"3149","290.13","290"
"3150","290.16","290"
"3151","292.11","292"
"3152","292.12","292"
"3153","296.22","296"
"3154","300.11","300"
"3155","300.12","300"
"3156","300.13","300"
"3157","303.31","303"
"3158","317.11","317"
"3159","327.41","327"
"3160","327.71","327"
"3161","327.72","327"
"3162","334.21","334"
"3163","345.11","345"
"3164","345.12","345"
"3165","362.21","362"
"3166","362.22","362"
"3167","362.23","362"
"3168","362.26","362"
"3169","362.27","362"
"3170","362.29","362"
"3171","362.31","362"
"3172","364.41","364"
"3173","364.51","364"
"3174","365.11","365"
"3175","368.91","368"
"3176","370.31","370"
"3177","371.21","371"
"3178","371.33","371"
"3179","379.51","379"
"3180","381.11","381"
"3181","386.21","386"
"3182","401.21","401"
"3183","401.22","401"
"3184","411.41","411"
"3185","415.11","415"
"3186","415.21","415"
"3187","420.21","420"
"3188","420.22","420"
"3189","425.11","425"
"3190","425.12","425"
"3191","426.21","426"
"3192","426.22","426"
"3193","426.23","426"
"3194","426.24","426"
"3195","426.25","426"
"3196","426.31","426"
"3197","426.32","426"
"3198","426.91","426"
"3199","426.92","426"
"3200","427.11","427"
"3201","427.12","427"
"3202","427.21","427"
"3203","427.22","427"
"3204","427.41","427"
"3205","427.42","427"
"3206","427.61","427"
"3207","433.11","433"
"3208","433.12","433"
"3209","433.21","433"
"3210","433.31","433"
"3211","433.32","433"
"3212","440.21","440"
"3213","440.22","440"
"3214","442.11","442"
"3215","454.11","454"
"3216","480.11","480"
"3217","480.12","480"
"3218","480.13","480"
"3219","495.11","495"
"3220","496.21","496"
"3221","513.31","513"
"3222","513.32","513"
"3223","523.31","523"
"3224","523.32","523"
"3225","526.41","526"
"3226","526.42","526"
"3227","528.11","528"
"3228","528.12","528"
"3229","528.41","528"
"3230","530.11","530"
"3231","530.12","530"
"3232","530.13","530"
"3233","530.14","530"
"3234","530.15","530"
"3235","540.11","540"
"3236","555.21","555"
"3237","556.11","556"
"3238","571.51","571"
"3239","571.81","571"
"3240","574.11","574"
"3241","574.12","574"
"3242","580.11","580"
"3243","580.12","580"
"3244","580.13","580"
"3245","580.14","580"
"3246","580.31","580"
"3247","580.32","580"
"3248","585.31","585"
"3249","585.32","585"
"3250","585.33","585"
"3251","585.34","585"
"3252","586.11","586"
"3253","586.12","586"
"3254","592.11","592"
"3255","592.12","592"
"3256","592.13","592"
"3257","592.21","592"
"3258","601.11","601"
"3259","601.12","601"
"3260","609.11","609"
"3261","611.11","611"
"3262","614.31","614"
"3263","614.32","614"
"3264","614.33","614"
"3265","614.51","614"
"3266","614.52","614"
"3267","614.53","614"
"3268","614.54","614"
"3269","626.11","626"
"3270","626.12","626"
"3271","626.13","626"
"3272","626.14","626"
"3273","626.15","626"
"3274","626.21","626"
"3275","627.21","627"
"3276","627.22","627"
"3277","656.22","656"
"3278","656.26","656"
"3279","695.21","695"
"3280","695.22","695"
"3281","695.41","695"
"3282","695.42","695"
"3283","695.81","695"
"3284","696.41","696"
"3285","696.42","696"
"3286","704.11","704"
"3287","704.12","704"
"3288","710.11","710"
"3289","710.12","710"
"3290","710.19","710"
"3291","735.21","735"
"3292","735.22","735"
"3293","735.23","735"
"3294","740.11","740"
"3295","740.12","740"
"3296","743.11","743"
"3297","743.12","743"
"3298","743.13","743"
"3299","743.21","743"
"3300","743.22","743"
"3301","747.11","747"
"3302","747.12","747"
"3303","747.13","747"
"3304","750.11","750"
"3305","750.13","750"
"3306","750.14","750"
"3307","750.15","750"
"3308","750.21","750"
"3309","750.22","750"
"3310","751.11","751"
"3311","751.12","751"
"3312","751.21","751"
"3313","751.22","751"
"3314","752.11","752"
"3315","755.61","755"
"3316","756.21","756"
"3317","756.22","756"
"3318","803.21","803"
"3319","994.21","994"
